File,Sheet,Product,Region,Customer Jan,Feb,Mar,Apr
Sales1.xls,Sales1,Apples,Eastern,Bob,78.11545972963603,46.94891398391565,5.478221792201687,68.35353430817182
Sales1.xls,Sales1,Apples,Eastern,Frank,75.3021164970043,83.79151121084118,3.4868231229752356,95.8090668848655
Sales1.xls,Sales1,Apples,Eastern,Machida,79.76019437586389,22.41321937769689,87.19496489899326,76.48894422908165
Sales1.xls,Sales1,Apples,Eastern,Tolane,81.47181326779871,34.424699708005235,90.1518536127793,48.72540560943936
Sales2.xls,Sales2,Oranges,West,Nancy,5.211718347370952,0.797415335439905,5.638500834357271,6.844579401513904
Sales2.xls,Sales2,Oranges,West,Hilary,0.4984138841774266,1.675025661658044,7.261337718135127,6.6209173968552815
Sales2.xls,Sales2,Oranges,West,Machida,4.065681918409013,6.902263753755174,9.163139967045852,3.5659364401114333
Sales2.xls,Sales2,Oranges,West,Peter,4.233546685820697,3.335026807286,5.155245095345542,7.64039158998255
